qid	pos_doc	pos_label	neg_doc	neg_label
19335	3175481	3	5398329	0
47923	473807	3	388338	0
87181	1700168	2	8733975	0
87452	2357235	3	3809017	0
104861	1017092	2	1275720	0
130510	799647	3	5984054	0
131843	14055	3	58233	0
146187	8434624	3	5332231	0
148538	2455774	3	7548356	0
156493	6139386	3	5479185	0
168216	1183706	3	4959804	0
182539	8757181	3	3198392	0
183378	1239964	3	8116925	0
207786	1029962	2	2998723	0
264014	1610707	3	2498164	0
359349	1830517	3	15804	0
405717	3033900	2	7896210	0
443396	3440848	3	1365639	0
451602	103181	3	6454936	0
489204	852257	3	359316	0
490595	4737060	3	3329498	0
527433	1000485	3	3405417	0
573724	87404	3	7498096	0
833860	1889863	3	4046123	0
855410	8651770	2	7972234	0
915593	1605506	3	8179000	0
962179	2329692	3	8785370	0
1037798	3641634	3	3030654	0
1063750	4066863	3	8689799	0
1103812	3843267	3	3843266	0
1106007	1334330	3	1530299	0
1110199	1901878	3	1852785	0
1112341	1035060	3	2096427	0
1113437	3125155	3	6174330	0
1114646	2647994	3	687066	0
1114819	1724520	3	6372968	0
1115776	4314176	3	465438	0
1117099	1389420	3	1833548	0
1121402	182366	2	1623219	0
1121709	3423067	2	6945560	0
1124210	131190	3	1517590	0
1129237	128982	3	4773351	0
1133167	1824479	3	4905510	0
