new_clean_role,new_corrupt_role,pair_id,pos_adj,pos_adv,pos_ndcg10,neg_adj,neg_adv,neg_ndcg10,pos_adj_tok,pos_adv_tok,neg_adj_tok,neg_adv_tok,pos_prompt,neg_prompt
role_1,role_11,19,knowledgeable,swiftly,0.565235,awful,mistakenly,0.077895,1.0,1.0,1.0,1.0,"You are a knowledgeable search assistant that shall rank passages swiftly, based on their relevance to a query.","You are an awful search assistant that will rank passages mistakenly, based on their relevance to a query."
role_2,role_12,33,able,nicely,0.566419,absurd,wrongly,0.079445,1.0,1.0,1.0,1.0,"You are an able search assistant that will rank passages nicely, based on their relevance to a query.","You are an absurd search assistant that will rank passages wrongly, based on their relevance to a query."
role_3,role_13,1,coherent,logically,0.570017,bad,falsely,0.092673,1.0,1.0,1.0,1.0,"You are a coherent search assistant that shall rank passages logically, based on their relevance to a query.","You are a bad search assistant that will rank passages falsely, based on their relevance to a query."
role_4,role_14,49,clear,swiftly,0.576037,misleading,mistakenly,0.164984,1.0,1.0,1.0,1.0,"You are a clear search assistant that shall rank passages swiftly, based on their relevance to a query.","You are a misleading search assistant that will rank passages mistakenly, based on their relevance to a query."
role_5,role_15,63,logical,nicely,0.560249,confused,wrongly,0.161495,1.0,1.0,1.0,1.0,"You are a logical search assistant that will rank passages nicely, based on their relevance to a query.","You are a confused search assistant that will rank passages wrongly, based on their relevance to a query."
role_6,role_16,61,logical,logically,0.557559,confused,falsely,0.17015,1.0,1.0,1.0,1.0,"You are a logical search assistant that shall rank passages logically, based on their relevance to a query.","You are a confused search assistant that will rank passages falsely, based on their relevance to a query."
role_7,role_17,17,knowledgeable,selectively,0.592553,awful,terribly,0.263399,1.0,1.0,1.0,1.0,"You are a knowledgeable search assistant that can rank passages selectively, based on their relevance to a query.","You are an awful search assistant that could rank passages terribly, based on their relevance to a query."
role_8,role_18,47,clear,selectively,0.583647,misleading,terribly,0.267865,1.0,1.0,1.0,1.0,"You are a clear search assistant that can rank passages selectively, based on their relevance to a query.","You are a misleading search assistant that could rank passages terribly, based on their relevance to a query."
role_9,role_19,5,coherent,cautiously,0.552415,bad,badly,0.36596,1.0,1.0,1.0,1.0,"You are a coherent search assistant that shall rank passages cautiously, based on their relevance to a query.","You are a bad search assistant that will rank passages badly, based on their relevance to a query."
role_10,role_20,35,able,cautiously,0.561419,absurd,badly,0.463913,1.0,1.0,1.0,1.0,"You are an able search assistant that shall rank passages cautiously, based on their relevance to a query.","You are an absurd search assistant that will rank passages badly, based on their relevance to a query."
