candidate_group,test_doc_source,source_pos_type,source_layer,source_head,mediator_pos_type,mediator_layer,mediator_head,receiver_pos_type,receiver_layer,receiver_head
relevance_selected_heads,relevance,role_adj_adv,9,29,inst_all,13,23,last,31,14
relevance_selected_heads,relevance,role_adj_adv,9,29,inst_all,13,23,last,15,4
relevance_selected_heads,relevance,role_adj_adv,9,29,inst_all,13,23,last,16,31
relevance_selected_heads,relevance,role_adj_adv,9,29,inst_all,13,23,last,14,9
relevance_selected_heads,relevance,role_adj_adv,9,29,inst_all,13,23,last,18,9
relevance_selected_heads,relevance,role_adj_adv,9,29,inst_all,12,20,last,31,14
relevance_selected_heads,relevance,role_adj_adv,9,29,inst_all,12,20,last,15,4
relevance_selected_heads,relevance,role_adj_adv,9,29,inst_all,12,20,last,16,31
relevance_selected_heads,relevance,role_adj_adv,9,29,inst_all,12,20,last,14,9
relevance_selected_heads,relevance,role_adj_adv,9,29,inst_all,12,20,last,13,25
relevance_selected_heads,relevance,role_adj_adv,9,29,inst_all,12,20,last,18,9
relevance_selected_heads,relevance,role_adj_adv,9,29,inst_all,12,20,last,13,26
relevance_selected_heads,relevance,role_adj_adv,9,29,inst_all,10,26,last,31,14
relevance_selected_heads,relevance,role_adj_adv,9,29,inst_all,10,26,last,15,4
relevance_selected_heads,relevance,role_adj_adv,9,29,inst_all,10,26,last,16,31
relevance_selected_heads,relevance,role_adj_adv,9,29,inst_all,10,26,last,14,9
relevance_selected_heads,relevance,role_adj_adv,9,29,inst_all,10,26,last,13,25
relevance_selected_heads,relevance,role_adj_adv,9,29,inst_all,10,26,last,18,9
relevance_selected_heads,relevance,role_adj_adv,9,29,inst_all,10,26,last,13,26
relevance_selected_heads,relevance,role_adj_adv,9,29,inst_all,11,19,last,31,14
relevance_selected_heads,relevance,role_adj_adv,9,29,inst_all,11,19,last,15,4
relevance_selected_heads,relevance,role_adj_adv,9,29,inst_all,11,19,last,16,31
relevance_selected_heads,relevance,role_adj_adv,9,29,inst_all,11,19,last,14,9
relevance_selected_heads,relevance,role_adj_adv,9,29,inst_all,11,19,last,13,25
relevance_selected_heads,relevance,role_adj_adv,9,29,inst_all,11,19,last,18,9
relevance_selected_heads,relevance,role_adj_adv,9,29,inst_all,11,19,last,13,26
relevance_selected_heads,relevance,role_adj_adv,1,23,inst_all,13,23,last,31,14
relevance_selected_heads,relevance,role_adj_adv,1,23,inst_all,13,23,last,15,4
relevance_selected_heads,relevance,role_adj_adv,1,23,inst_all,13,23,last,16,31
relevance_selected_heads,relevance,role_adj_adv,1,23,inst_all,13,23,last,14,9
relevance_selected_heads,relevance,role_adj_adv,1,23,inst_all,13,23,last,18,9
relevance_selected_heads,relevance,role_adj_adv,1,23,inst_all,12,20,last,31,14
relevance_selected_heads,relevance,role_adj_adv,1,23,inst_all,12,20,last,15,4
relevance_selected_heads,relevance,role_adj_adv,1,23,inst_all,12,20,last,16,31
relevance_selected_heads,relevance,role_adj_adv,1,23,inst_all,12,20,last,14,9
relevance_selected_heads,relevance,role_adj_adv,1,23,inst_all,12,20,last,13,25
relevance_selected_heads,relevance,role_adj_adv,1,23,inst_all,12,20,last,18,9
relevance_selected_heads,relevance,role_adj_adv,1,23,inst_all,12,20,last,13,26
relevance_selected_heads,relevance,role_adj_adv,1,23,inst_all,9,7,last,31,14
relevance_selected_heads,relevance,role_adj_adv,1,23,inst_all,9,7,last,15,4
relevance_selected_heads,relevance,role_adj_adv,1,23,inst_all,9,7,last,16,31
relevance_selected_heads,relevance,role_adj_adv,1,23,inst_all,9,7,last,14,9
relevance_selected_heads,relevance,role_adj_adv,1,23,inst_all,9,7,last,13,25
relevance_selected_heads,relevance,role_adj_adv,1,23,inst_all,9,7,last,18,9
relevance_selected_heads,relevance,role_adj_adv,1,23,inst_all,9,7,last,13,26
relevance_selected_heads,relevance,role_adj_adv,1,23,inst_all,10,26,last,31,14
relevance_selected_heads,relevance,role_adj_adv,1,23,inst_all,10,26,last,15,4
relevance_selected_heads,relevance,role_adj_adv,1,23,inst_all,10,26,last,16,31
relevance_selected_heads,relevance,role_adj_adv,1,23,inst_all,10,26,last,14,9
relevance_selected_heads,relevance,role_adj_adv,1,23,inst_all,10,26,last,13,25
relevance_selected_heads,relevance,role_adj_adv,1,23,inst_all,10,26,last,18,9
relevance_selected_heads,relevance,role_adj_adv,1,23,inst_all,10,26,last,13,26
relevance_selected_heads,relevance,role_adj_adv,1,23,inst_all,11,19,last,31,14
relevance_selected_heads,relevance,role_adj_adv,1,23,inst_all,11,19,last,15,4
relevance_selected_heads,relevance,role_adj_adv,1,23,inst_all,11,19,last,16,31
relevance_selected_heads,relevance,role_adj_adv,1,23,inst_all,11,19,last,14,9
relevance_selected_heads,relevance,role_adj_adv,1,23,inst_all,11,19,last,13,25
relevance_selected_heads,relevance,role_adj_adv,1,23,inst_all,11,19,last,18,9
relevance_selected_heads,relevance,role_adj_adv,1,23,inst_all,11,19,last,13,26
relevance_selected_heads,relevance,role_adj_adv,8,5,inst_all,13,23,last,31,14
relevance_selected_heads,relevance,role_adj_adv,8,5,inst_all,13,23,last,15,4
relevance_selected_heads,relevance,role_adj_adv,8,5,inst_all,13,23,last,16,31
relevance_selected_heads,relevance,role_adj_adv,8,5,inst_all,13,23,last,14,9
relevance_selected_heads,relevance,role_adj_adv,8,5,inst_all,13,23,last,18,9
relevance_selected_heads,relevance,role_adj_adv,8,5,inst_all,12,20,last,31,14
relevance_selected_heads,relevance,role_adj_adv,8,5,inst_all,12,20,last,15,4
relevance_selected_heads,relevance,role_adj_adv,8,5,inst_all,12,20,last,16,31
relevance_selected_heads,relevance,role_adj_adv,8,5,inst_all,12,20,last,14,9
relevance_selected_heads,relevance,role_adj_adv,8,5,inst_all,12,20,last,13,25
relevance_selected_heads,relevance,role_adj_adv,8,5,inst_all,12,20,last,18,9
relevance_selected_heads,relevance,role_adj_adv,8,5,inst_all,12,20,last,13,26
relevance_selected_heads,relevance,role_adj_adv,8,5,inst_all,9,7,last,31,14
relevance_selected_heads,relevance,role_adj_adv,8,5,inst_all,9,7,last,15,4
relevance_selected_heads,relevance,role_adj_adv,8,5,inst_all,9,7,last,16,31
relevance_selected_heads,relevance,role_adj_adv,8,5,inst_all,9,7,last,14,9
relevance_selected_heads,relevance,role_adj_adv,8,5,inst_all,9,7,last,13,25
relevance_selected_heads,relevance,role_adj_adv,8,5,inst_all,9,7,last,18,9
relevance_selected_heads,relevance,role_adj_adv,8,5,inst_all,9,7,last,13,26
relevance_selected_heads,relevance,role_adj_adv,8,5,inst_all,10,26,last,31,14
relevance_selected_heads,relevance,role_adj_adv,8,5,inst_all,10,26,last,15,4
relevance_selected_heads,relevance,role_adj_adv,8,5,inst_all,10,26,last,16,31
relevance_selected_heads,relevance,role_adj_adv,8,5,inst_all,10,26,last,14,9
relevance_selected_heads,relevance,role_adj_adv,8,5,inst_all,10,26,last,13,25
relevance_selected_heads,relevance,role_adj_adv,8,5,inst_all,10,26,last,18,9
relevance_selected_heads,relevance,role_adj_adv,8,5,inst_all,10,26,last,13,26
relevance_selected_heads,relevance,role_adj_adv,8,5,inst_all,11,19,last,31,14
relevance_selected_heads,relevance,role_adj_adv,8,5,inst_all,11,19,last,15,4
relevance_selected_heads,relevance,role_adj_adv,8,5,inst_all,11,19,last,16,31
relevance_selected_heads,relevance,role_adj_adv,8,5,inst_all,11,19,last,14,9
relevance_selected_heads,relevance,role_adj_adv,8,5,inst_all,11,19,last,13,25
relevance_selected_heads,relevance,role_adj_adv,8,5,inst_all,11,19,last,18,9
relevance_selected_heads,relevance,role_adj_adv,8,5,inst_all,11,19,last,13,26
relevance_selected_heads,relevance,role_adj_adv,5,20,inst_all,13,23,last,31,14
relevance_selected_heads,relevance,role_adj_adv,5,20,inst_all,13,23,last,15,4
relevance_selected_heads,relevance,role_adj_adv,5,20,inst_all,13,23,last,16,31
relevance_selected_heads,relevance,role_adj_adv,5,20,inst_all,13,23,last,14,9
relevance_selected_heads,relevance,role_adj_adv,5,20,inst_all,13,23,last,18,9
relevance_selected_heads,relevance,role_adj_adv,5,20,inst_all,12,20,last,31,14
relevance_selected_heads,relevance,role_adj_adv,5,20,inst_all,12,20,last,15,4
relevance_selected_heads,relevance,role_adj_adv,5,20,inst_all,12,20,last,16,31
relevance_selected_heads,relevance,role_adj_adv,5,20,inst_all,12,20,last,14,9
relevance_selected_heads,relevance,role_adj_adv,5,20,inst_all,12,20,last,13,25
relevance_selected_heads,relevance,role_adj_adv,5,20,inst_all,12,20,last,18,9
relevance_selected_heads,relevance,role_adj_adv,5,20,inst_all,12,20,last,13,26
relevance_selected_heads,relevance,role_adj_adv,5,20,inst_all,9,7,last,31,14
relevance_selected_heads,relevance,role_adj_adv,5,20,inst_all,9,7,last,15,4
relevance_selected_heads,relevance,role_adj_adv,5,20,inst_all,9,7,last,16,31
relevance_selected_heads,relevance,role_adj_adv,5,20,inst_all,9,7,last,14,9
relevance_selected_heads,relevance,role_adj_adv,5,20,inst_all,9,7,last,13,25
relevance_selected_heads,relevance,role_adj_adv,5,20,inst_all,9,7,last,18,9
relevance_selected_heads,relevance,role_adj_adv,5,20,inst_all,9,7,last,13,26
relevance_selected_heads,relevance,role_adj_adv,5,20,inst_all,10,26,last,31,14
relevance_selected_heads,relevance,role_adj_adv,5,20,inst_all,10,26,last,15,4
relevance_selected_heads,relevance,role_adj_adv,5,20,inst_all,10,26,last,16,31
relevance_selected_heads,relevance,role_adj_adv,5,20,inst_all,10,26,last,14,9
relevance_selected_heads,relevance,role_adj_adv,5,20,inst_all,10,26,last,13,25
relevance_selected_heads,relevance,role_adj_adv,5,20,inst_all,10,26,last,18,9
relevance_selected_heads,relevance,role_adj_adv,5,20,inst_all,10,26,last,13,26
relevance_selected_heads,relevance,role_adj_adv,5,20,inst_all,11,19,last,31,14
relevance_selected_heads,relevance,role_adj_adv,5,20,inst_all,11,19,last,15,4
relevance_selected_heads,relevance,role_adj_adv,5,20,inst_all,11,19,last,16,31
relevance_selected_heads,relevance,role_adj_adv,5,20,inst_all,11,19,last,14,9
relevance_selected_heads,relevance,role_adj_adv,5,20,inst_all,11,19,last,13,25
relevance_selected_heads,relevance,role_adj_adv,5,20,inst_all,11,19,last,18,9
relevance_selected_heads,relevance,role_adj_adv,5,20,inst_all,11,19,last,13,26
relevance_selected_heads,relevance,role_adj_adv,12,3,inst_all,13,23,last,31,14
relevance_selected_heads,relevance,role_adj_adv,12,3,inst_all,13,23,last,15,4
relevance_selected_heads,relevance,role_adj_adv,12,3,inst_all,13,23,last,16,31
relevance_selected_heads,relevance,role_adj_adv,12,3,inst_all,13,23,last,14,9
relevance_selected_heads,relevance,role_adj_adv,12,3,inst_all,13,23,last,18,9
irrelevance_selected_heads,irrelevance,role_adj_adv,8,22,inst_all,12,20,last,16,2
irrelevance_selected_heads,irrelevance,role_adj_adv,8,22,inst_all,12,20,last,31,20
irrelevance_selected_heads,irrelevance,role_adj_adv,8,22,inst_all,12,20,last,31,12
irrelevance_selected_heads,irrelevance,role_adj_adv,8,22,inst_all,12,20,last,19,3
irrelevance_selected_heads,irrelevance,role_adj_adv,8,22,inst_all,12,20,last,14,22
irrelevance_selected_heads,irrelevance,role_adj_adv,8,22,inst_all,12,20,last,16,8
irrelevance_selected_heads,irrelevance,role_adj_adv,8,22,inst_all,12,20,last,14,23
irrelevance_selected_heads,irrelevance,role_adj_adv,8,22,inst_all,12,20,last,16,29
irrelevance_selected_heads,irrelevance,role_adj_adv,8,22,inst_all,12,20,last,15,10
irrelevance_selected_heads,irrelevance,role_adj_adv,8,22,inst_all,10,31,last,16,2
irrelevance_selected_heads,irrelevance,role_adj_adv,8,22,inst_all,10,31,last,31,20
irrelevance_selected_heads,irrelevance,role_adj_adv,8,22,inst_all,10,31,last,31,12
irrelevance_selected_heads,irrelevance,role_adj_adv,8,22,inst_all,10,31,last,19,3
irrelevance_selected_heads,irrelevance,role_adj_adv,8,22,inst_all,10,31,last,14,22
irrelevance_selected_heads,irrelevance,role_adj_adv,8,22,inst_all,10,31,last,16,8
irrelevance_selected_heads,irrelevance,role_adj_adv,8,22,inst_all,10,31,last,14,23
irrelevance_selected_heads,irrelevance,role_adj_adv,8,22,inst_all,10,31,last,16,29
irrelevance_selected_heads,irrelevance,role_adj_adv,8,22,inst_all,10,31,last,15,10
irrelevance_selected_heads,irrelevance,role_adj_adv,8,22,inst_all,13,23,last,16,2
irrelevance_selected_heads,irrelevance,role_adj_adv,8,22,inst_all,13,23,last,31,20
irrelevance_selected_heads,irrelevance,role_adj_adv,8,22,inst_all,13,23,last,31,12
irrelevance_selected_heads,irrelevance,role_adj_adv,8,22,inst_all,13,23,last,19,3
irrelevance_selected_heads,irrelevance,role_adj_adv,8,22,inst_all,13,23,last,14,22
irrelevance_selected_heads,irrelevance,role_adj_adv,8,22,inst_all,13,23,last,16,8
irrelevance_selected_heads,irrelevance,role_adj_adv,8,22,inst_all,13,23,last,14,23
irrelevance_selected_heads,irrelevance,role_adj_adv,8,22,inst_all,13,23,last,16,29
irrelevance_selected_heads,irrelevance,role_adj_adv,8,22,inst_all,13,23,last,15,10
irrelevance_selected_heads,irrelevance,role_adj_adv,8,22,inst_all,11,21,last,16,2
irrelevance_selected_heads,irrelevance,role_adj_adv,8,22,inst_all,11,21,last,31,20
irrelevance_selected_heads,irrelevance,role_adj_adv,8,22,inst_all,11,21,last,31,12
irrelevance_selected_heads,irrelevance,role_adj_adv,8,22,inst_all,11,21,last,19,3
irrelevance_selected_heads,irrelevance,role_adj_adv,8,22,inst_all,11,21,last,14,22
irrelevance_selected_heads,irrelevance,role_adj_adv,8,22,inst_all,11,21,last,16,8
irrelevance_selected_heads,irrelevance,role_adj_adv,8,22,inst_all,11,21,last,14,23
irrelevance_selected_heads,irrelevance,role_adj_adv,8,22,inst_all,11,21,last,16,29
irrelevance_selected_heads,irrelevance,role_adj_adv,8,22,inst_all,11,21,last,15,10
irrelevance_selected_heads,irrelevance,role_adj_adv,8,22,inst_all,12,14,last,16,2
irrelevance_selected_heads,irrelevance,role_adj_adv,8,22,inst_all,12,14,last,31,20
irrelevance_selected_heads,irrelevance,role_adj_adv,8,22,inst_all,12,14,last,31,12
irrelevance_selected_heads,irrelevance,role_adj_adv,8,22,inst_all,12,14,last,19,3
irrelevance_selected_heads,irrelevance,role_adj_adv,8,22,inst_all,12,14,last,14,22
irrelevance_selected_heads,irrelevance,role_adj_adv,8,22,inst_all,12,14,last,16,8
irrelevance_selected_heads,irrelevance,role_adj_adv,8,22,inst_all,12,14,last,14,23
irrelevance_selected_heads,irrelevance,role_adj_adv,8,22,inst_all,12,14,last,16,29
irrelevance_selected_heads,irrelevance,role_adj_adv,8,22,inst_all,12,14,last,15,10
irrelevance_selected_heads,irrelevance,role_adj_adv,8,22,inst_all,11,6,last,16,2
irrelevance_selected_heads,irrelevance,role_adj_adv,8,22,inst_all,11,6,last,31,20
irrelevance_selected_heads,irrelevance,role_adj_adv,8,22,inst_all,11,6,last,31,12
irrelevance_selected_heads,irrelevance,role_adj_adv,8,22,inst_all,11,6,last,19,3
irrelevance_selected_heads,irrelevance,role_adj_adv,8,22,inst_all,11,6,last,14,22
irrelevance_selected_heads,irrelevance,role_adj_adv,8,22,inst_all,11,6,last,16,8
irrelevance_selected_heads,irrelevance,role_adj_adv,8,22,inst_all,11,6,last,14,23
irrelevance_selected_heads,irrelevance,role_adj_adv,8,22,inst_all,11,6,last,16,29
irrelevance_selected_heads,irrelevance,role_adj_adv,8,22,inst_all,11,6,last,15,10
irrelevance_selected_heads,irrelevance,role_adj_adv,9,29,inst_all,12,20,last,16,2
irrelevance_selected_heads,irrelevance,role_adj_adv,9,29,inst_all,12,20,last,31,20
irrelevance_selected_heads,irrelevance,role_adj_adv,9,29,inst_all,12,20,last,31,12
irrelevance_selected_heads,irrelevance,role_adj_adv,9,29,inst_all,12,20,last,19,3
irrelevance_selected_heads,irrelevance,role_adj_adv,9,29,inst_all,12,20,last,14,22
irrelevance_selected_heads,irrelevance,role_adj_adv,9,29,inst_all,12,20,last,16,8
irrelevance_selected_heads,irrelevance,role_adj_adv,9,29,inst_all,12,20,last,14,23
irrelevance_selected_heads,irrelevance,role_adj_adv,9,29,inst_all,12,20,last,16,29
irrelevance_selected_heads,irrelevance,role_adj_adv,9,29,inst_all,12,20,last,15,10
irrelevance_selected_heads,irrelevance,role_adj_adv,9,29,inst_all,10,31,last,16,2
irrelevance_selected_heads,irrelevance,role_adj_adv,9,29,inst_all,10,31,last,31,20
irrelevance_selected_heads,irrelevance,role_adj_adv,9,29,inst_all,10,31,last,31,12
irrelevance_selected_heads,irrelevance,role_adj_adv,9,29,inst_all,10,31,last,19,3
irrelevance_selected_heads,irrelevance,role_adj_adv,9,29,inst_all,10,31,last,14,22
irrelevance_selected_heads,irrelevance,role_adj_adv,9,29,inst_all,10,31,last,16,8
irrelevance_selected_heads,irrelevance,role_adj_adv,9,29,inst_all,10,31,last,14,23
irrelevance_selected_heads,irrelevance,role_adj_adv,9,29,inst_all,10,31,last,16,29
irrelevance_selected_heads,irrelevance,role_adj_adv,9,29,inst_all,10,31,last,15,10
irrelevance_selected_heads,irrelevance,role_adj_adv,9,29,inst_all,13,23,last,16,2
irrelevance_selected_heads,irrelevance,role_adj_adv,9,29,inst_all,13,23,last,31,20
irrelevance_selected_heads,irrelevance,role_adj_adv,9,29,inst_all,13,23,last,31,12
irrelevance_selected_heads,irrelevance,role_adj_adv,9,29,inst_all,13,23,last,19,3
irrelevance_selected_heads,irrelevance,role_adj_adv,9,29,inst_all,13,23,last,14,22
irrelevance_selected_heads,irrelevance,role_adj_adv,9,29,inst_all,13,23,last,16,8
irrelevance_selected_heads,irrelevance,role_adj_adv,9,29,inst_all,13,23,last,14,23
irrelevance_selected_heads,irrelevance,role_adj_adv,9,29,inst_all,13,23,last,16,29
irrelevance_selected_heads,irrelevance,role_adj_adv,9,29,inst_all,13,23,last,15,10
irrelevance_selected_heads,irrelevance,role_adj_adv,9,29,inst_all,11,21,last,16,2
irrelevance_selected_heads,irrelevance,role_adj_adv,9,29,inst_all,11,21,last,31,20
irrelevance_selected_heads,irrelevance,role_adj_adv,9,29,inst_all,11,21,last,31,12
irrelevance_selected_heads,irrelevance,role_adj_adv,9,29,inst_all,11,21,last,19,3
irrelevance_selected_heads,irrelevance,role_adj_adv,9,29,inst_all,11,21,last,14,22
irrelevance_selected_heads,irrelevance,role_adj_adv,9,29,inst_all,11,21,last,16,8
irrelevance_selected_heads,irrelevance,role_adj_adv,9,29,inst_all,11,21,last,14,23
irrelevance_selected_heads,irrelevance,role_adj_adv,9,29,inst_all,11,21,last,16,29
irrelevance_selected_heads,irrelevance,role_adj_adv,9,29,inst_all,11,21,last,15,10
irrelevance_selected_heads,irrelevance,role_adj_adv,9,29,inst_all,12,14,last,16,2
irrelevance_selected_heads,irrelevance,role_adj_adv,9,29,inst_all,12,14,last,31,20
irrelevance_selected_heads,irrelevance,role_adj_adv,9,29,inst_all,12,14,last,31,12
irrelevance_selected_heads,irrelevance,role_adj_adv,9,29,inst_all,12,14,last,19,3
irrelevance_selected_heads,irrelevance,role_adj_adv,9,29,inst_all,12,14,last,14,22
irrelevance_selected_heads,irrelevance,role_adj_adv,9,29,inst_all,12,14,last,16,8
irrelevance_selected_heads,irrelevance,role_adj_adv,9,29,inst_all,12,14,last,14,23
irrelevance_selected_heads,irrelevance,role_adj_adv,9,29,inst_all,12,14,last,16,29
irrelevance_selected_heads,irrelevance,role_adj_adv,9,29,inst_all,12,14,last,15,10
irrelevance_selected_heads,irrelevance,role_adj_adv,9,29,inst_all,11,6,last,16,2
irrelevance_selected_heads,irrelevance,role_adj_adv,9,29,inst_all,11,6,last,31,20
irrelevance_selected_heads,irrelevance,role_adj_adv,9,29,inst_all,11,6,last,31,12
irrelevance_selected_heads,irrelevance,role_adj_adv,9,29,inst_all,11,6,last,19,3
irrelevance_selected_heads,irrelevance,role_adj_adv,9,29,inst_all,11,6,last,14,22
irrelevance_selected_heads,irrelevance,role_adj_adv,9,29,inst_all,11,6,last,16,8
irrelevance_selected_heads,irrelevance,role_adj_adv,9,29,inst_all,11,6,last,14,23
irrelevance_selected_heads,irrelevance,role_adj_adv,9,29,inst_all,11,6,last,16,29
irrelevance_selected_heads,irrelevance,role_adj_adv,9,29,inst_all,11,6,last,15,10
irrelevance_selected_heads,irrelevance,role_adj_adv,5,12,inst_all,12,20,last,16,2
irrelevance_selected_heads,irrelevance,role_adj_adv,5,12,inst_all,12,20,last,31,20
irrelevance_selected_heads,irrelevance,role_adj_adv,5,12,inst_all,12,20,last,31,12
irrelevance_selected_heads,irrelevance,role_adj_adv,5,12,inst_all,12,20,last,19,3
irrelevance_selected_heads,irrelevance,role_adj_adv,5,12,inst_all,12,20,last,14,22
irrelevance_selected_heads,irrelevance,role_adj_adv,5,12,inst_all,12,20,last,16,8
irrelevance_selected_heads,irrelevance,role_adj_adv,5,12,inst_all,12,20,last,14,23
irrelevance_selected_heads,irrelevance,role_adj_adv,5,12,inst_all,12,20,last,16,29
irrelevance_selected_heads,irrelevance,role_adj_adv,5,12,inst_all,12,20,last,15,10
irrelevance_selected_heads,irrelevance,role_adj_adv,5,12,inst_all,10,31,last,16,2
irrelevance_selected_heads,irrelevance,role_adj_adv,5,12,inst_all,10,31,last,31,20
irrelevance_selected_heads,irrelevance,role_adj_adv,5,12,inst_all,10,31,last,31,12
irrelevance_selected_heads,irrelevance,role_adj_adv,5,12,inst_all,10,31,last,19,3
irrelevance_selected_heads,irrelevance,role_adj_adv,5,12,inst_all,10,31,last,14,22
irrelevance_selected_heads,irrelevance,role_adj_adv,5,12,inst_all,10,31,last,16,8
irrelevance_selected_heads,irrelevance,role_adj_adv,5,12,inst_all,10,31,last,14,23
irrelevance_selected_heads,irrelevance,role_adj_adv,5,12,inst_all,10,31,last,16,29
irrelevance_selected_heads,irrelevance,role_adj_adv,5,12,inst_all,10,31,last,15,10
irrelevance_selected_heads,irrelevance,role_adj_adv,5,12,inst_all,13,23,last,16,2
irrelevance_selected_heads,irrelevance,role_adj_adv,5,12,inst_all,13,23,last,31,20
irrelevance_selected_heads,irrelevance,role_adj_adv,5,12,inst_all,13,23,last,31,12
irrelevance_selected_heads,irrelevance,role_adj_adv,5,12,inst_all,13,23,last,19,3
irrelevance_selected_heads,irrelevance,role_adj_adv,5,12,inst_all,13,23,last,14,22
irrelevance_selected_heads,irrelevance,role_adj_adv,5,12,inst_all,13,23,last,16,8
irrelevance_selected_heads,irrelevance,role_adj_adv,5,12,inst_all,13,23,last,14,23
irrelevance_selected_heads,irrelevance,role_adj_adv,5,12,inst_all,13,23,last,16,29
irrelevance_selected_heads,irrelevance,role_adj_adv,5,12,inst_all,13,23,last,15,10
irrelevance_selected_heads,irrelevance,role_adj_adv,5,12,inst_all,11,21,last,16,2
irrelevance_selected_heads,irrelevance,role_adj_adv,5,12,inst_all,11,21,last,31,20
irrelevance_selected_heads,irrelevance,role_adj_adv,5,12,inst_all,11,21,last,31,12
irrelevance_selected_heads,irrelevance,role_adj_adv,5,12,inst_all,11,21,last,19,3
irrelevance_selected_heads,irrelevance,role_adj_adv,5,12,inst_all,11,21,last,14,22
irrelevance_selected_heads,irrelevance,role_adj_adv,5,12,inst_all,11,21,last,16,8
irrelevance_selected_heads,irrelevance,role_adj_adv,5,12,inst_all,11,21,last,14,23
irrelevance_selected_heads,irrelevance,role_adj_adv,5,12,inst_all,11,21,last,16,29
irrelevance_selected_heads,irrelevance,role_adj_adv,5,12,inst_all,11,21,last,15,10
irrelevance_selected_heads,irrelevance,role_adj_adv,5,12,inst_all,12,14,last,16,2
irrelevance_selected_heads,irrelevance,role_adj_adv,5,12,inst_all,12,14,last,31,20
irrelevance_selected_heads,irrelevance,role_adj_adv,5,12,inst_all,12,14,last,31,12
irrelevance_selected_heads,irrelevance,role_adj_adv,5,12,inst_all,12,14,last,19,3
irrelevance_selected_heads,irrelevance,role_adj_adv,5,12,inst_all,12,14,last,14,22
irrelevance_selected_heads,irrelevance,role_adj_adv,5,12,inst_all,12,14,last,16,8
irrelevance_selected_heads,irrelevance,role_adj_adv,5,12,inst_all,12,14,last,14,23
irrelevance_selected_heads,irrelevance,role_adj_adv,5,12,inst_all,12,14,last,16,29
irrelevance_selected_heads,irrelevance,role_adj_adv,5,12,inst_all,12,14,last,15,10
irrelevance_selected_heads,irrelevance,role_adj_adv,5,12,inst_all,11,6,last,16,2
irrelevance_selected_heads,irrelevance,role_adj_adv,5,12,inst_all,11,6,last,31,20
irrelevance_selected_heads,irrelevance,role_adj_adv,5,12,inst_all,11,6,last,31,12
irrelevance_selected_heads,irrelevance,role_adj_adv,5,12,inst_all,11,6,last,19,3
irrelevance_selected_heads,irrelevance,role_adj_adv,5,12,inst_all,11,6,last,14,22
irrelevance_selected_heads,irrelevance,role_adj_adv,5,12,inst_all,11,6,last,16,8
irrelevance_selected_heads,irrelevance,role_adj_adv,5,12,inst_all,11,6,last,14,23
irrelevance_selected_heads,irrelevance,role_adj_adv,5,12,inst_all,11,6,last,16,29
irrelevance_selected_heads,irrelevance,role_adj_adv,5,12,inst_all,11,6,last,15,10
irrelevance_selected_heads,irrelevance,role_adj_adv,11,31,inst_all,12,20,last,16,2
irrelevance_selected_heads,irrelevance,role_adj_adv,11,31,inst_all,12,20,last,31,20
irrelevance_selected_heads,irrelevance,role_adj_adv,11,31,inst_all,12,20,last,31,12
irrelevance_selected_heads,irrelevance,role_adj_adv,11,31,inst_all,12,20,last,19,3
irrelevance_selected_heads,irrelevance,role_adj_adv,11,31,inst_all,12,20,last,14,22
irrelevance_selected_heads,irrelevance,role_adj_adv,11,31,inst_all,12,20,last,16,8
irrelevance_selected_heads,irrelevance,role_adj_adv,11,31,inst_all,12,20,last,14,23
irrelevance_selected_heads,irrelevance,role_adj_adv,11,31,inst_all,12,20,last,16,29
irrelevance_selected_heads,irrelevance,role_adj_adv,11,31,inst_all,12,20,last,15,10
irrelevance_selected_heads,irrelevance,role_adj_adv,11,31,inst_all,13,23,last,16,2
irrelevance_selected_heads,irrelevance,role_adj_adv,11,31,inst_all,13,23,last,31,20
irrelevance_selected_heads,irrelevance,role_adj_adv,11,31,inst_all,13,23,last,31,12
irrelevance_selected_heads,irrelevance,role_adj_adv,11,31,inst_all,13,23,last,19,3
irrelevance_selected_heads,irrelevance,role_adj_adv,11,31,inst_all,13,23,last,14,22
irrelevance_selected_heads,irrelevance,role_adj_adv,11,31,inst_all,13,23,last,16,8
irrelevance_selected_heads,irrelevance,role_adj_adv,11,31,inst_all,13,23,last,14,23
irrelevance_selected_heads,irrelevance,role_adj_adv,11,31,inst_all,13,23,last,16,29
irrelevance_selected_heads,irrelevance,role_adj_adv,11,31,inst_all,13,23,last,15,10
irrelevance_selected_heads,irrelevance,role_adj_adv,11,31,inst_all,12,14,last,16,2
irrelevance_selected_heads,irrelevance,role_adj_adv,11,31,inst_all,12,14,last,31,20
irrelevance_selected_heads,irrelevance,role_adj_adv,11,31,inst_all,12,14,last,31,12
irrelevance_selected_heads,irrelevance,role_adj_adv,11,31,inst_all,12,14,last,19,3
irrelevance_selected_heads,irrelevance,role_adj_adv,11,31,inst_all,12,14,last,14,22
irrelevance_selected_heads,irrelevance,role_adj_adv,11,31,inst_all,12,14,last,16,8
irrelevance_selected_heads,irrelevance,role_adj_adv,11,31,inst_all,12,14,last,14,23
irrelevance_selected_heads,irrelevance,role_adj_adv,11,31,inst_all,12,14,last,16,29
irrelevance_selected_heads,irrelevance,role_adj_adv,11,31,inst_all,12,14,last,15,10
irrelevance_selected_heads,irrelevance,role_adj_adv,10,28,inst_all,12,20,last,16,2
irrelevance_selected_heads,irrelevance,role_adj_adv,10,28,inst_all,12,20,last,31,20
irrelevance_selected_heads,irrelevance,role_adj_adv,10,28,inst_all,12,20,last,31,12
irrelevance_selected_heads,irrelevance,role_adj_adv,10,28,inst_all,12,20,last,19,3
irrelevance_selected_heads,irrelevance,role_adj_adv,10,28,inst_all,12,20,last,14,22
irrelevance_selected_heads,irrelevance,role_adj_adv,10,28,inst_all,12,20,last,16,8
irrelevance_selected_heads,irrelevance,role_adj_adv,10,28,inst_all,12,20,last,14,23
irrelevance_selected_heads,irrelevance,role_adj_adv,10,28,inst_all,12,20,last,16,29
irrelevance_selected_heads,irrelevance,role_adj_adv,10,28,inst_all,12,20,last,15,10
irrelevance_selected_heads,irrelevance,role_adj_adv,10,28,inst_all,13,23,last,16,2
irrelevance_selected_heads,irrelevance,role_adj_adv,10,28,inst_all,13,23,last,31,20
irrelevance_selected_heads,irrelevance,role_adj_adv,10,28,inst_all,13,23,last,31,12
irrelevance_selected_heads,irrelevance,role_adj_adv,10,28,inst_all,13,23,last,19,3
irrelevance_selected_heads,irrelevance,role_adj_adv,10,28,inst_all,13,23,last,14,22
irrelevance_selected_heads,irrelevance,role_adj_adv,10,28,inst_all,13,23,last,16,8
irrelevance_selected_heads,irrelevance,role_adj_adv,10,28,inst_all,13,23,last,14,23
irrelevance_selected_heads,irrelevance,role_adj_adv,10,28,inst_all,13,23,last,16,29
irrelevance_selected_heads,irrelevance,role_adj_adv,10,28,inst_all,13,23,last,15,10
irrelevance_selected_heads,irrelevance,role_adj_adv,10,28,inst_all,11,21,last,16,2
irrelevance_selected_heads,irrelevance,role_adj_adv,10,28,inst_all,11,21,last,31,20
irrelevance_selected_heads,irrelevance,role_adj_adv,10,28,inst_all,11,21,last,31,12
irrelevance_selected_heads,irrelevance,role_adj_adv,10,28,inst_all,11,21,last,19,3
irrelevance_selected_heads,irrelevance,role_adj_adv,10,28,inst_all,11,21,last,14,22
irrelevance_selected_heads,irrelevance,role_adj_adv,10,28,inst_all,11,21,last,16,8
irrelevance_selected_heads,irrelevance,role_adj_adv,10,28,inst_all,11,21,last,14,23
irrelevance_selected_heads,irrelevance,role_adj_adv,10,28,inst_all,11,21,last,16,29
irrelevance_selected_heads,irrelevance,role_adj_adv,10,28,inst_all,11,21,last,15,10
irrelevance_selected_heads,irrelevance,role_adj_adv,10,28,inst_all,12,14,last,16,2
irrelevance_selected_heads,irrelevance,role_adj_adv,10,28,inst_all,12,14,last,31,20
irrelevance_selected_heads,irrelevance,role_adj_adv,10,28,inst_all,12,14,last,31,12
irrelevance_selected_heads,irrelevance,role_adj_adv,10,28,inst_all,12,14,last,19,3
irrelevance_selected_heads,irrelevance,role_adj_adv,10,28,inst_all,12,14,last,14,22
irrelevance_selected_heads,irrelevance,role_adj_adv,10,28,inst_all,12,14,last,16,8
irrelevance_selected_heads,irrelevance,role_adj_adv,10,28,inst_all,12,14,last,14,23
irrelevance_selected_heads,irrelevance,role_adj_adv,10,28,inst_all,12,14,last,16,29
irrelevance_selected_heads,irrelevance,role_adj_adv,10,28,inst_all,12,14,last,15,10
irrelevance_selected_heads,irrelevance,role_adj_adv,10,28,inst_all,11,6,last,16,2
irrelevance_selected_heads,irrelevance,role_adj_adv,10,28,inst_all,11,6,last,31,20
irrelevance_selected_heads,irrelevance,role_adj_adv,10,28,inst_all,11,6,last,31,12
irrelevance_selected_heads,irrelevance,role_adj_adv,10,28,inst_all,11,6,last,19,3
irrelevance_selected_heads,irrelevance,role_adj_adv,10,28,inst_all,11,6,last,14,22
irrelevance_selected_heads,irrelevance,role_adj_adv,10,28,inst_all,11,6,last,16,8
irrelevance_selected_heads,irrelevance,role_adj_adv,10,28,inst_all,11,6,last,14,23
irrelevance_selected_heads,irrelevance,role_adj_adv,10,28,inst_all,11,6,last,16,29
irrelevance_selected_heads,irrelevance,role_adj_adv,10,28,inst_all,11,6,last,15,10
irrelevance_selected_heads,irrelevance,role_adj_adv,0,29,inst_all,12,20,last,16,2
irrelevance_selected_heads,irrelevance,role_adj_adv,0,29,inst_all,12,20,last,31,20
irrelevance_selected_heads,irrelevance,role_adj_adv,0,29,inst_all,12,20,last,31,12
irrelevance_selected_heads,irrelevance,role_adj_adv,0,29,inst_all,12,20,last,19,3
irrelevance_selected_heads,irrelevance,role_adj_adv,0,29,inst_all,12,20,last,14,22
irrelevance_selected_heads,irrelevance,role_adj_adv,0,29,inst_all,12,20,last,16,8
irrelevance_selected_heads,irrelevance,role_adj_adv,0,29,inst_all,12,20,last,14,23
irrelevance_selected_heads,irrelevance,role_adj_adv,0,29,inst_all,12,20,last,16,29
irrelevance_selected_heads,irrelevance,role_adj_adv,0,29,inst_all,12,20,last,15,10
irrelevance_selected_heads,irrelevance,role_adj_adv,0,29,inst_all,10,31,last,16,2
irrelevance_selected_heads,irrelevance,role_adj_adv,0,29,inst_all,10,31,last,31,20
irrelevance_selected_heads,irrelevance,role_adj_adv,0,29,inst_all,10,31,last,31,12
irrelevance_selected_heads,irrelevance,role_adj_adv,0,29,inst_all,10,31,last,19,3
irrelevance_selected_heads,irrelevance,role_adj_adv,0,29,inst_all,10,31,last,14,22
irrelevance_selected_heads,irrelevance,role_adj_adv,0,29,inst_all,10,31,last,16,8
irrelevance_selected_heads,irrelevance,role_adj_adv,0,29,inst_all,10,31,last,14,23
irrelevance_selected_heads,irrelevance,role_adj_adv,0,29,inst_all,10,31,last,16,29
irrelevance_selected_heads,irrelevance,role_adj_adv,0,29,inst_all,10,31,last,15,10
irrelevance_selected_heads,irrelevance,role_adj_adv,0,29,inst_all,13,23,last,16,2
irrelevance_selected_heads,irrelevance,role_adj_adv,0,29,inst_all,13,23,last,31,20
irrelevance_selected_heads,irrelevance,role_adj_adv,0,29,inst_all,13,23,last,31,12
irrelevance_selected_heads,irrelevance,role_adj_adv,0,29,inst_all,13,23,last,19,3
irrelevance_selected_heads,irrelevance,role_adj_adv,0,29,inst_all,13,23,last,14,22
irrelevance_selected_heads,irrelevance,role_adj_adv,0,29,inst_all,13,23,last,16,8
irrelevance_selected_heads,irrelevance,role_adj_adv,0,29,inst_all,13,23,last,14,23
irrelevance_selected_heads,irrelevance,role_adj_adv,0,29,inst_all,13,23,last,16,29
irrelevance_selected_heads,irrelevance,role_adj_adv,0,29,inst_all,13,23,last,15,10
irrelevance_selected_heads,irrelevance,role_adj_adv,0,29,inst_all,11,21,last,16,2
irrelevance_selected_heads,irrelevance,role_adj_adv,0,29,inst_all,11,21,last,31,20
irrelevance_selected_heads,irrelevance,role_adj_adv,0,29,inst_all,11,21,last,31,12
irrelevance_selected_heads,irrelevance,role_adj_adv,0,29,inst_all,11,21,last,19,3
irrelevance_selected_heads,irrelevance,role_adj_adv,0,29,inst_all,11,21,last,14,22
irrelevance_selected_heads,irrelevance,role_adj_adv,0,29,inst_all,11,21,last,16,8
irrelevance_selected_heads,irrelevance,role_adj_adv,0,29,inst_all,11,21,last,14,23
irrelevance_selected_heads,irrelevance,role_adj_adv,0,29,inst_all,11,21,last,16,29
irrelevance_selected_heads,irrelevance,role_adj_adv,0,29,inst_all,11,21,last,15,10
irrelevance_selected_heads,irrelevance,role_adj_adv,0,29,inst_all,12,14,last,16,2
irrelevance_selected_heads,irrelevance,role_adj_adv,0,29,inst_all,12,14,last,31,20
irrelevance_selected_heads,irrelevance,role_adj_adv,0,29,inst_all,12,14,last,31,12
irrelevance_selected_heads,irrelevance,role_adj_adv,0,29,inst_all,12,14,last,19,3
irrelevance_selected_heads,irrelevance,role_adj_adv,0,29,inst_all,12,14,last,14,22
irrelevance_selected_heads,irrelevance,role_adj_adv,0,29,inst_all,12,14,last,16,8
irrelevance_selected_heads,irrelevance,role_adj_adv,0,29,inst_all,12,14,last,14,23
irrelevance_selected_heads,irrelevance,role_adj_adv,0,29,inst_all,12,14,last,16,29
irrelevance_selected_heads,irrelevance,role_adj_adv,0,29,inst_all,12,14,last,15,10
irrelevance_selected_heads,irrelevance,role_adj_adv,0,29,inst_all,11,6,last,16,2
irrelevance_selected_heads,irrelevance,role_adj_adv,0,29,inst_all,11,6,last,31,20
irrelevance_selected_heads,irrelevance,role_adj_adv,0,29,inst_all,11,6,last,31,12
irrelevance_selected_heads,irrelevance,role_adj_adv,0,29,inst_all,11,6,last,19,3
irrelevance_selected_heads,irrelevance,role_adj_adv,0,29,inst_all,11,6,last,14,22
irrelevance_selected_heads,irrelevance,role_adj_adv,0,29,inst_all,11,6,last,16,8
irrelevance_selected_heads,irrelevance,role_adj_adv,0,29,inst_all,11,6,last,14,23
irrelevance_selected_heads,irrelevance,role_adj_adv,0,29,inst_all,11,6,last,16,29
irrelevance_selected_heads,irrelevance,role_adj_adv,0,29,inst_all,11,6,last,15,10
irrelevance_selected_heads,irrelevance,role_adj_adv,1,16,inst_all,12,20,last,16,2
irrelevance_selected_heads,irrelevance,role_adj_adv,1,16,inst_all,12,20,last,31,20
irrelevance_selected_heads,irrelevance,role_adj_adv,1,16,inst_all,12,20,last,31,12
irrelevance_selected_heads,irrelevance,role_adj_adv,1,16,inst_all,12,20,last,19,3
irrelevance_selected_heads,irrelevance,role_adj_adv,1,16,inst_all,12,20,last,14,22
irrelevance_selected_heads,irrelevance,role_adj_adv,1,16,inst_all,12,20,last,16,8
irrelevance_selected_heads,irrelevance,role_adj_adv,1,16,inst_all,12,20,last,14,23
irrelevance_selected_heads,irrelevance,role_adj_adv,1,16,inst_all,12,20,last,16,29
irrelevance_selected_heads,irrelevance,role_adj_adv,1,16,inst_all,12,20,last,15,10
irrelevance_selected_heads,irrelevance,role_adj_adv,1,16,inst_all,10,31,last,16,2
irrelevance_selected_heads,irrelevance,role_adj_adv,1,16,inst_all,10,31,last,31,20
irrelevance_selected_heads,irrelevance,role_adj_adv,1,16,inst_all,10,31,last,31,12
irrelevance_selected_heads,irrelevance,role_adj_adv,1,16,inst_all,10,31,last,19,3
irrelevance_selected_heads,irrelevance,role_adj_adv,1,16,inst_all,10,31,last,14,22
irrelevance_selected_heads,irrelevance,role_adj_adv,1,16,inst_all,10,31,last,16,8
irrelevance_selected_heads,irrelevance,role_adj_adv,1,16,inst_all,10,31,last,14,23
irrelevance_selected_heads,irrelevance,role_adj_adv,1,16,inst_all,10,31,last,16,29
irrelevance_selected_heads,irrelevance,role_adj_adv,1,16,inst_all,10,31,last,15,10
irrelevance_selected_heads,irrelevance,role_adj_adv,1,16,inst_all,13,23,last,16,2
irrelevance_selected_heads,irrelevance,role_adj_adv,1,16,inst_all,13,23,last,31,20
irrelevance_selected_heads,irrelevance,role_adj_adv,1,16,inst_all,13,23,last,31,12
irrelevance_selected_heads,irrelevance,role_adj_adv,1,16,inst_all,13,23,last,19,3
irrelevance_selected_heads,irrelevance,role_adj_adv,1,16,inst_all,13,23,last,14,22
irrelevance_selected_heads,irrelevance,role_adj_adv,1,16,inst_all,13,23,last,16,8
irrelevance_selected_heads,irrelevance,role_adj_adv,1,16,inst_all,13,23,last,14,23
irrelevance_selected_heads,irrelevance,role_adj_adv,1,16,inst_all,13,23,last,16,29
irrelevance_selected_heads,irrelevance,role_adj_adv,1,16,inst_all,13,23,last,15,10
irrelevance_selected_heads,irrelevance,role_adj_adv,1,16,inst_all,11,21,last,16,2
irrelevance_selected_heads,irrelevance,role_adj_adv,1,16,inst_all,11,21,last,31,20
irrelevance_selected_heads,irrelevance,role_adj_adv,1,16,inst_all,11,21,last,31,12
irrelevance_selected_heads,irrelevance,role_adj_adv,1,16,inst_all,11,21,last,19,3
irrelevance_selected_heads,irrelevance,role_adj_adv,1,16,inst_all,11,21,last,14,22
irrelevance_selected_heads,irrelevance,role_adj_adv,1,16,inst_all,11,21,last,16,8
irrelevance_selected_heads,irrelevance,role_adj_adv,1,16,inst_all,11,21,last,14,23
irrelevance_selected_heads,irrelevance,role_adj_adv,1,16,inst_all,11,21,last,16,29
irrelevance_selected_heads,irrelevance,role_adj_adv,1,16,inst_all,11,21,last,15,10
irrelevance_selected_heads,irrelevance,role_adj_adv,1,16,inst_all,12,14,last,16,2
irrelevance_selected_heads,irrelevance,role_adj_adv,1,16,inst_all,12,14,last,31,20
irrelevance_selected_heads,irrelevance,role_adj_adv,1,16,inst_all,12,14,last,31,12
irrelevance_selected_heads,irrelevance,role_adj_adv,1,16,inst_all,12,14,last,19,3
irrelevance_selected_heads,irrelevance,role_adj_adv,1,16,inst_all,12,14,last,14,22
irrelevance_selected_heads,irrelevance,role_adj_adv,1,16,inst_all,12,14,last,16,8
irrelevance_selected_heads,irrelevance,role_adj_adv,1,16,inst_all,12,14,last,14,23
irrelevance_selected_heads,irrelevance,role_adj_adv,1,16,inst_all,12,14,last,16,29
irrelevance_selected_heads,irrelevance,role_adj_adv,1,16,inst_all,12,14,last,15,10
irrelevance_selected_heads,irrelevance,role_adj_adv,1,16,inst_all,11,6,last,16,2
irrelevance_selected_heads,irrelevance,role_adj_adv,1,16,inst_all,11,6,last,31,20
irrelevance_selected_heads,irrelevance,role_adj_adv,1,16,inst_all,11,6,last,31,12
irrelevance_selected_heads,irrelevance,role_adj_adv,1,16,inst_all,11,6,last,19,3
irrelevance_selected_heads,irrelevance,role_adj_adv,1,16,inst_all,11,6,last,14,22
irrelevance_selected_heads,irrelevance,role_adj_adv,1,16,inst_all,11,6,last,16,8
irrelevance_selected_heads,irrelevance,role_adj_adv,1,16,inst_all,11,6,last,14,23
irrelevance_selected_heads,irrelevance,role_adj_adv,1,16,inst_all,11,6,last,16,29
irrelevance_selected_heads,irrelevance,role_adj_adv,1,16,inst_all,11,6,last,15,10
irrelevance_selected_heads,irrelevance,role_adj_adv,5,20,inst_all,12,20,last,16,2
irrelevance_selected_heads,irrelevance,role_adj_adv,5,20,inst_all,12,20,last,31,20
irrelevance_selected_heads,irrelevance,role_adj_adv,5,20,inst_all,12,20,last,31,12
irrelevance_selected_heads,irrelevance,role_adj_adv,5,20,inst_all,12,20,last,19,3
irrelevance_selected_heads,irrelevance,role_adj_adv,5,20,inst_all,12,20,last,14,22
irrelevance_selected_heads,irrelevance,role_adj_adv,5,20,inst_all,12,20,last,16,8
irrelevance_selected_heads,irrelevance,role_adj_adv,5,20,inst_all,12,20,last,14,23
irrelevance_selected_heads,irrelevance,role_adj_adv,5,20,inst_all,12,20,last,16,29
irrelevance_selected_heads,irrelevance,role_adj_adv,5,20,inst_all,12,20,last,15,10
irrelevance_selected_heads,irrelevance,role_adj_adv,5,20,inst_all,10,31,last,16,2
irrelevance_selected_heads,irrelevance,role_adj_adv,5,20,inst_all,10,31,last,31,20
irrelevance_selected_heads,irrelevance,role_adj_adv,5,20,inst_all,10,31,last,31,12
irrelevance_selected_heads,irrelevance,role_adj_adv,5,20,inst_all,10,31,last,19,3
irrelevance_selected_heads,irrelevance,role_adj_adv,5,20,inst_all,10,31,last,14,22
irrelevance_selected_heads,irrelevance,role_adj_adv,5,20,inst_all,10,31,last,16,8
irrelevance_selected_heads,irrelevance,role_adj_adv,5,20,inst_all,10,31,last,14,23
irrelevance_selected_heads,irrelevance,role_adj_adv,5,20,inst_all,10,31,last,16,29
irrelevance_selected_heads,irrelevance,role_adj_adv,5,20,inst_all,10,31,last,15,10
irrelevance_selected_heads,irrelevance,role_adj_adv,5,20,inst_all,13,23,last,16,2
irrelevance_selected_heads,irrelevance,role_adj_adv,5,20,inst_all,13,23,last,31,20
irrelevance_selected_heads,irrelevance,role_adj_adv,5,20,inst_all,13,23,last,31,12
irrelevance_selected_heads,irrelevance,role_adj_adv,5,20,inst_all,13,23,last,19,3
irrelevance_selected_heads,irrelevance,role_adj_adv,5,20,inst_all,13,23,last,14,22
irrelevance_selected_heads,irrelevance,role_adj_adv,5,20,inst_all,13,23,last,16,8
irrelevance_selected_heads,irrelevance,role_adj_adv,5,20,inst_all,13,23,last,14,23
irrelevance_selected_heads,irrelevance,role_adj_adv,5,20,inst_all,13,23,last,16,29
irrelevance_selected_heads,irrelevance,role_adj_adv,5,20,inst_all,13,23,last,15,10
irrelevance_selected_heads,irrelevance,role_adj_adv,5,20,inst_all,11,21,last,16,2
irrelevance_selected_heads,irrelevance,role_adj_adv,5,20,inst_all,11,21,last,31,20
irrelevance_selected_heads,irrelevance,role_adj_adv,5,20,inst_all,11,21,last,31,12
irrelevance_selected_heads,irrelevance,role_adj_adv,5,20,inst_all,11,21,last,19,3
irrelevance_selected_heads,irrelevance,role_adj_adv,5,20,inst_all,11,21,last,14,22
irrelevance_selected_heads,irrelevance,role_adj_adv,5,20,inst_all,11,21,last,16,8
irrelevance_selected_heads,irrelevance,role_adj_adv,5,20,inst_all,11,21,last,14,23
irrelevance_selected_heads,irrelevance,role_adj_adv,5,20,inst_all,11,21,last,16,29
irrelevance_selected_heads,irrelevance,role_adj_adv,5,20,inst_all,11,21,last,15,10
irrelevance_selected_heads,irrelevance,role_adj_adv,5,20,inst_all,12,14,last,16,2
irrelevance_selected_heads,irrelevance,role_adj_adv,5,20,inst_all,12,14,last,31,20
irrelevance_selected_heads,irrelevance,role_adj_adv,5,20,inst_all,12,14,last,31,12
irrelevance_selected_heads,irrelevance,role_adj_adv,5,20,inst_all,12,14,last,19,3
irrelevance_selected_heads,irrelevance,role_adj_adv,5,20,inst_all,12,14,last,14,22
irrelevance_selected_heads,irrelevance,role_adj_adv,5,20,inst_all,12,14,last,16,8
irrelevance_selected_heads,irrelevance,role_adj_adv,5,20,inst_all,12,14,last,14,23
irrelevance_selected_heads,irrelevance,role_adj_adv,5,20,inst_all,12,14,last,16,29
irrelevance_selected_heads,irrelevance,role_adj_adv,5,20,inst_all,12,14,last,15,10
irrelevance_selected_heads,irrelevance,role_adj_adv,5,20,inst_all,11,6,last,16,2
irrelevance_selected_heads,irrelevance,role_adj_adv,5,20,inst_all,11,6,last,31,20
irrelevance_selected_heads,irrelevance,role_adj_adv,5,20,inst_all,11,6,last,31,12
irrelevance_selected_heads,irrelevance,role_adj_adv,5,20,inst_all,11,6,last,19,3
irrelevance_selected_heads,irrelevance,role_adj_adv,5,20,inst_all,11,6,last,14,22
irrelevance_selected_heads,irrelevance,role_adj_adv,5,20,inst_all,11,6,last,16,8
irrelevance_selected_heads,irrelevance,role_adj_adv,5,20,inst_all,11,6,last,14,23
irrelevance_selected_heads,irrelevance,role_adj_adv,5,20,inst_all,11,6,last,16,29
irrelevance_selected_heads,irrelevance,role_adj_adv,5,20,inst_all,11,6,last,15,10
